CHECKPOINT_VERSION.txt	214
CTXD_REMAKE_MASTER_REQUIREMENTS_V2.md	13427
Client/Unity/Assets/Game/Editor/CTXDBuild.cs	1513
Client/Unity/Assets/Game/Editor/CTXDProjectSetup.cs	2956
Client/Unity/Assets/Game/LegacyVisual/MainCity/legacy_maincity_bg_1.jpg	180045
Client/Unity/Assets/Game/LegacyVisual/MainCity/legacy_maincity_regional_00001.png	2257957
Client/Unity/Assets/Game/LegacyVisual/References/CreateRole_contact.jpg	22982
Client/Unity/Assets/Game/LegacyVisual/References/MainCity_contact.jpg	105192
Client/Unity/Assets/Game/LegacyVisual/RolePortraits/Big/1.png	168287
Client/Unity/Assets/Game/LegacyVisual/RoleScene_background.jpg	285089
Client/Unity/Assets/Game/LegacyVisual/RoleScene_enter.png	15879
Client/Unity/Assets/Game/LegacyVisual/RoleScene_panel.png	9520
Client/Unity/Assets/Game/Resources/LegacyVisual/CreateRole/00002.png	36235
Client/Unity/Assets/Game/Resources/LegacyVisual/CreateRole/00005.png	1328
Client/Unity/Assets/Game/Resources/LegacyVisual/CreateRole/00009.png	2932
Client/Unity/Assets/Game/Resources/LegacyVisual/CreateRole/00012.png	13606
Client/Unity/Assets/Game/Resources/LegacyVisual/CreateRole/00014.png	12983
Client/Unity/Assets/Game/Resources/LegacyVisual/CreateRole/00016.png	12471
Client/Unity/Assets/Game/Resources/LegacyVisual/Equip/00136.png	2654
Client/Unity/Assets/Game/Resources/LegacyVisual/Equip/00298.png	14660
Client/Unity/Assets/Game/Resources/LegacyVisual/Equip/00300.png	1036
Client/Unity/Assets/Game/Resources/LegacyVisual/Equip/00304.png	608
Client/Unity/Assets/Game/Resources/LegacyVisual/Equip/00306.png	476
Client/Unity/Assets/Game/Resources/LegacyVisual/Equip/00308.png	504
Client/Unity/Assets/Game/Resources/LegacyVisual/Equip/00310.png	501
Client/Unity/Assets/Game/Resources/LegacyVisual/Equip/00312.png	464
Client/Unity/Assets/Game/Resources/LegacyVisual/Equip/00314.png	485
Client/Unity/Assets/Game/Resources/LegacyVisual/Equip/00323.png	651
Client/Unity/Assets/Game/Resources/LegacyVisual/Equip/00402.png	722
Client/Unity/Assets/Game/Resources/LegacyVisual/Equip/00405.png	798
Client/Unity/Assets/Game/Resources/LegacyVisual/Equip/00408.png	702
Client/Unity/Assets/Game/Resources/LegacyVisual/Equip/00411.png	644
Client/Unity/Assets/Game/Resources/LegacyVisual/Equip/00414.png	769
Client/Unity/Assets/Game/Resources/LegacyVisual/Equip/00417.png	765
Client/Unity/Assets/Game/Resources/LegacyVisual/Equip/00429.png	1656
Client/Unity/Assets/Game/Resources/LegacyVisual/Equip/00434.png	999
Client/Unity/Assets/Game/Resources/LegacyVisual/Equip/00437.png	16297
Client/Unity/Assets/Game/Resources/LegacyVisual/Equip/00443.png	23209
Client/Unity/Assets/Game/Resources/LegacyVisual/Equip/00478.png	782
Client/Unity/Assets/Game/Resources/LegacyVisual/Equip/00480.png	744
Client/Unity/Assets/Game/Resources/LegacyVisual/Equip/00482.png	731
Client/Unity/Assets/Game/Resources/LegacyVisual/Equip/00484.png	769
Client/Unity/Assets/Game/Resources/LegacyVisual/Equip/00486.png	720
Client/Unity/Assets/Game/Resources/LegacyVisual/Equip/00488.png	738
Client/Unity/Assets/Game/Resources/LegacyVisual/Equip/00499.png	442
Client/Unity/Assets/Game/Resources/LegacyVisual/Equip/00501.png	495
Client/Unity/Assets/Game/Resources/LegacyVisual/Equip/00503.png	471
Client/Unity/Assets/Game/Resources/LegacyVisual/Equip/00506.png	20500
Client/Unity/Assets/Game/Resources/LegacyVisual/Equip/00509.png	2722
Client/Unity/Assets/Game/Resources/LegacyVisual/Equip/00513.png	418
Client/Unity/Assets/Game/Resources/LegacyVisual/Equip/00516.png	405
Client/Unity/Assets/Game/Resources/LegacyVisual/Equip/00519.png	874
Client/Unity/Assets/Game/Resources/LegacyVisual/Equip/00522.png	873
Client/Unity/Assets/Game/Resources/LegacyVisual/Equip/00626.png	2757
Client/Unity/Assets/Game/Resources/LegacyVisual/Equip/00675.png	227
Client/Unity/Assets/Game/Resources/LegacyVisual/Equip/00684.png	645
Client/Unity/Assets/Game/Resources/LegacyVisual/GeneralPic/0.jpg	1072
Client/Unity/Assets/Game/Resources/LegacyVisual/GeneralPic/adou.jpg	3443
Client/Unity/Assets/Game/Resources/LegacyVisual/GeneralPic/beiyong1.jpg	4029
Client/Unity/Assets/Game/Resources/LegacyVisual/GeneralPic/beiyong2.jpg	4524
Client/Unity/Assets/Game/Resources/LegacyVisual/GeneralPic/caimao.jpg	2267
Client/Unity/Assets/Game/Resources/LegacyVisual/GeneralPic/caiyan.jpg	2298
Client/Unity/Assets/Game/Resources/LegacyVisual/GeneralPic/caiyang.jpg	3943
Client/Unity/Assets/Game/Resources/LegacyVisual/GeneralPic/caocao.jpg	3810
Client/Unity/Assets/Game/Resources/LegacyVisual/GeneralPic/caohong.jpg	4194
Client/Unity/Assets/Game/Resources/LegacyVisual/GeneralPic/caopi.jpg	3834
Client/Unity/Assets/Game/Resources/LegacyVisual/GeneralPic/caoren.jpg	4367
Client/Unity/Assets/Game/Resources/LegacyVisual/GeneralPic/caozhang.jpg	3464
Client/Unity/Assets/Game/Resources/LegacyVisual/GeneralPic/caozhi.jpg	2550
Client/Unity/Assets/Game/Resources/LegacyVisual/GeneralPic/chengong.jpg	3475
Client/Unity/Assets/Game/Resources/LegacyVisual/GeneralPic/chengpu.jpg	2353
Client/Unity/Assets/Game/Resources/LegacyVisual/GeneralPic/chengxiang.jpg	2107
Client/Unity/Assets/Game/Resources/LegacyVisual/GeneralPic/chengyu.jpg	3738
Client/Unity/Assets/Game/Resources/LegacyVisual/GeneralPic/chenlin.jpg	2565
Client/Unity/Assets/Game/Resources/LegacyVisual/GeneralPic/chenqun.jpg	2445
Client/Unity/Assets/Game/Resources/LegacyVisual/GeneralPic/chuanlingbing.jpg	1708
Client/Unity/Assets/Game/Resources/LegacyVisual/GeneralPic/chunyuqiong.jpg	4276
Client/Unity/Assets/Game/Resources/LegacyVisual/GeneralPic/cunmin.jpg	1999
Client/Unity/Assets/Game/Resources/LegacyVisual/GeneralPic/daqiao.jpg	4782
Client/Unity/Assets/Game/Resources/LegacyVisual/GeneralPic/dasima.jpg	2362
Client/Unity/Assets/Game/Resources/LegacyVisual/GeneralPic/dengai.jpg	2409
Client/Unity/Assets/Game/Resources/LegacyVisual/GeneralPic/dianwei.jpg	4014
Client/Unity/Assets/Game/Resources/LegacyVisual/GeneralPic/diaochan.jpg	3543
Client/Unity/Assets/Game/Resources/LegacyVisual/GeneralPic/dingfei.jpg	3873
Client/Unity/Assets/Game/Resources/LegacyVisual/GeneralPic/donghe.jpg	2392
Client/Unity/Assets/Game/Resources/LegacyVisual/GeneralPic/dongyun.jpg	2445
Client/Unity/Assets/Game/Resources/LegacyVisual/GeneralPic/dongzhao.jpg	2281
Client/Unity/Assets/Game/Resources/LegacyVisual/GeneralPic/dongzhuo.jpg	1990
Client/Unity/Assets/Game/Resources/LegacyVisual/GeneralPic/dongzhuo1.jpg	219666
Client/Unity/Assets/Game/Resources/LegacyVisual/GeneralPic/fanchou.jpg	4044
Client/Unity/Assets/Game/Resources/LegacyVisual/GeneralPic/fazheng.jpg	3791
Client/Unity/Assets/Game/Resources/LegacyVisual/GeneralPic/fazheng1.jpg	52765
Client/Unity/Assets/Game/Resources/LegacyVisual/GeneralPic/feiyi.jpg	2385
Client/Unity/Assets/Game/Resources/LegacyVisual/GeneralPic/fengji.jpg	2282
Client/Unity/Assets/Game/Resources/LegacyVisual/GeneralPic/ganning.jpg	3734
Client/Unity/Assets/Game/Resources/LegacyVisual/GeneralPic/gaoshun.jpg	4175
Client/Unity/Assets/Game/Resources/LegacyVisual/GeneralPic/gongsunzan.jpg	2434
Client/Unity/Assets/Game/Resources/LegacyVisual/GeneralPic/guanping.jpg	2538
Client/Unity/Assets/Game/Resources/LegacyVisual/GeneralPic/guanxing.jpg	3953
Client/Unity/Assets/Game/Resources/LegacyVisual/GeneralPic/guanyu.jpg	4296
Client/Unity/Assets/Game/Resources/LegacyVisual/GeneralPic/guojia.jpg	3888
Client/Unity/Assets/Game/Resources/LegacyVisual/GeneralPic/guosi.jpg	2575
Client/Unity/Assets/Game/Resources/LegacyVisual/GeneralPic/guosi1.jpg	220449
Client/Unity/Assets/Game/Resources/LegacyVisual/GeneralPic/guotu.jpg	2480
Client/Unity/Assets/Game/Resources/LegacyVisual/GeneralPic/handang.jpg	2204
Client/Unity/Assets/Game/Resources/LegacyVisual/GeneralPic/hansui.jpg	2494
Client/Unity/Assets/Game/Resources/LegacyVisual/GeneralPic/haozhao.jpg	2456
Client/Unity/Assets/Game/Resources/LegacyVisual/GeneralPic/hejin.jpg	23097
Client/Unity/Assets/Game/Resources/LegacyVisual/GeneralPic/houcheng.jpg	3952
Client/Unity/Assets/Game/Resources/LegacyVisual/GeneralPic/huang.jpg	3788
Client/Unity/Assets/Game/Resources/LegacyVisual/GeneralPic/huanggai.jpg	3742
Client/Unity/Assets/Game/Resources/LegacyVisual/GeneralPic/huangquan.jpg	2373
Client/Unity/Assets/Game/Resources/LegacyVisual/GeneralPic/huangquan1.jpg	52144
Client/Unity/Assets/Game/Resources/LegacyVisual/GeneralPic/huangsao.jpg	4051
Client/Unity/Assets/Game/Resources/LegacyVisual/GeneralPic/huangzhong.jpg	4001
Client/Unity/Assets/Game/Resources/LegacyVisual/GeneralPic/huaxin.jpg	2095
Client/Unity/Assets/Game/Resources/LegacyVisual/GeneralPic/huaxiong.jpg	3816
Client/Unity/Assets/Game/Resources/LegacyVisual/GeneralPic/huaxiong1.jpg	23634
Client/Unity/Assets/Game/Resources/LegacyVisual/GeneralPic/jianggan.jpg	2347
Client/Unity/Assets/Game/Resources/LegacyVisual/GeneralPic/jiangqin.jpg	2557
Client/Unity/Assets/Game/Resources/LegacyVisual/GeneralPic/jiangwan.jpg	3846
Client/Unity/Assets/Game/Resources/LegacyVisual/GeneralPic/jiangwei.jpg	3930
Client/Unity/Assets/Game/Resources/LegacyVisual/GeneralPic/jiaxu.jpg	3608
Client/Unity/Assets/Game/Resources/LegacyVisual/GeneralPic/jiling.jpg	52771
Client/Unity/Assets/Game/Resources/LegacyVisual/GeneralPic/jinweijun.jpg	223813
Client/Unity/Assets/Game/Resources/LegacyVisual/GeneralPic/jinzhaoyin.jpg	2455
Client/Unity/Assets/Game/Resources/LegacyVisual/GeneralPic/junyijiaowei.jpg	2353
Client/Unity/Assets/Game/Resources/LegacyVisual/GeneralPic/jushou.jpg	2441
Client/Unity/Assets/Game/Resources/LegacyVisual/GeneralPic/kongrong.jpg	3958
Client/Unity/Assets/Game/Resources/LegacyVisual/GeneralPic/kuailiang.jpg	2473
Client/Unity/Assets/Game/Resources/LegacyVisual/GeneralPic/lejin.jpg	2482
Client/Unity/Assets/Game/Resources/LegacyVisual/GeneralPic/liaohua.jpg	3745
Client/Unity/Assets/Game/Resources/LegacyVisual/GeneralPic/lidian.jpg	2175
Client/Unity/Assets/Game/Resources/LegacyVisual/GeneralPic/lijue.jpg	3375
Client/Unity/Assets/Game/Resources/LegacyVisual/GeneralPic/lintong.jpg	2647
Client/Unity/Assets/Game/Resources/LegacyVisual/GeneralPic/liru.jpg	4630
Client/Unity/Assets/Game/Resources/LegacyVisual/GeneralPic/lisu.jpg	1879
Client/Unity/Assets/Game/Resources/LegacyVisual/GeneralPic/lisu1.jpg	219413
Client/Unity/Assets/Game/Resources/LegacyVisual/GeneralPic/liuba.jpg	2356
Client/Unity/Assets/Game/Resources/LegacyVisual/GeneralPic/liubei.jpg	3870
Client/Unity/Assets/Game/Resources/LegacyVisual/GeneralPic/liubiao.jpg	4058
Client/Unity/Assets/Game/Resources/LegacyVisual/GeneralPic/liuqi.jpg	2398
Client/Unity/Assets/Game/Resources/LegacyVisual/GeneralPic/liuzhang.jpg	3535
Client/Unity/Assets/Game/Resources/LegacyVisual/GeneralPic/liuzhang1.jpg	52320
Client/Unity/Assets/Game/Resources/LegacyVisual/GeneralPic/liyan.jpg	3465
Client/Unity/Assets/Game/Resources/LegacyVisual/GeneralPic/louzibo.jpg	3634
Client/Unity/Assets/Game/Resources/LegacyVisual/GeneralPic/luotong.jpg	3756
Client/Unity/Assets/Game/Resources/LegacyVisual/GeneralPic/lusu.jpg	3597
Client/Unity/Assets/Game/Resources/LegacyVisual/GeneralPic/luxun.jpg	3595
Client/Unity/Assets/Game/Resources/LegacyVisual/GeneralPic/lvbu.jpg	3950
Client/Unity/Assets/Game/Resources/LegacyVisual/GeneralPic/lvbu1.jpg	221631
Client/Unity/Assets/Game/Resources/LegacyVisual/GeneralPic/lvmeng.jpg	4149
Client/Unity/Assets/Game/Resources/LegacyVisual/GeneralPic/machao.jpg	4077
Client/Unity/Assets/Game/Resources/LegacyVisual/GeneralPic/madai.jpg	3518
Client/Unity/Assets/Game/Resources/LegacyVisual/GeneralPic/maliang.jpg	2783
Client/Unity/Assets/Game/Resources/LegacyVisual/GeneralPic/manchong.jpg	2333
Client/Unity/Assets/Game/Resources/LegacyVisual/GeneralPic/manzu.jpg	4274
Client/Unity/Assets/Game/Resources/LegacyVisual/GeneralPic/manzuwang1.jpg	222363
Client/Unity/Assets/Game/Resources/LegacyVisual/GeneralPic/masu.jpg	3649
Client/Unity/Assets/Game/Resources/LegacyVisual/GeneralPic/mateng.jpg	4246
Client/Unity/Assets/Game/Resources/LegacyVisual/GeneralPic/menghuo.jpg	2377
Client/Unity/Assets/Game/Resources/LegacyVisual/GeneralPic/mizhu.jpg	2391
Client/Unity/Assets/Game/Resources/LegacyVisual/GeneralPic/panfeng.jpg	2795
Client/Unity/Assets/Game/Resources/LegacyVisual/GeneralPic/pangde.jpg	3927
Client/Unity/Assets/Game/Resources/LegacyVisual/GeneralPic/pangtong.jpg	3404
Client/Unity/Assets/Game/Resources/LegacyVisual/GeneralPic/panzhang.jpg	3993
Client/Unity/Assets/Game/Resources/LegacyVisual/GeneralPic/shamoke.jpg	4105
Client/Unity/Assets/Game/Resources/LegacyVisual/GeneralPic/shangshu.jpg	2445
Client/Unity/Assets/Game/Resources/LegacyVisual/GeneralPic/shanzei.jpg	2557
Client/Unity/Assets/Game/Resources/LegacyVisual/GeneralPic/shenpei.jpg	2292
Client/Unity/Assets/Game/Resources/LegacyVisual/GeneralPic/simahui.jpg	52438
Client/Unity/Assets/Game/Resources/LegacyVisual/GeneralPic/simashi.jpg	2333
Client/Unity/Assets/Game/Resources/LegacyVisual/GeneralPic/simayi.jpg	3842
Client/Unity/Assets/Game/Resources/LegacyVisual/GeneralPic/simazhao.jpg	3834
Client/Unity/Assets/Game/Resources/LegacyVisual/GeneralPic/songqian.jpg	3613
Client/Unity/Assets/Game/Resources/LegacyVisual/GeneralPic/songxian.jpg	2270
Client/Unity/Assets/Game/Resources/LegacyVisual/GeneralPic/sunce.jpg	3916
Client/Unity/Assets/Game/Resources/LegacyVisual/GeneralPic/sunhuan.jpg	3888
Client/Unity/Assets/Game/Resources/LegacyVisual/GeneralPic/sunjian.jpg	53593
Client/Unity/Assets/Game/Resources/LegacyVisual/GeneralPic/sunqian.jpg	2384
Client/Unity/Assets/Game/Resources/LegacyVisual/GeneralPic/sunquan.jpg	3627
Client/Unity/Assets/Game/Resources/LegacyVisual/GeneralPic/sunshangxiang.jpg	3835
Client/Unity/Assets/Game/Resources/LegacyVisual/GeneralPic/taichangqing.jpg	2454
Client/Unity/Assets/Game/Resources/LegacyVisual/GeneralPic/taishi.jpg	2089
Client/Unity/Assets/Game/Resources/LegacyVisual/GeneralPic/taishici.jpg	4198
Client/Unity/Assets/Game/Resources/LegacyVisual/GeneralPic/taishiguan.jpg	2373
Client/Unity/Assets/Game/Resources/LegacyVisual/GeneralPic/taishiling.jpg	2347
Client/Unity/Assets/Game/Resources/LegacyVisual/GeneralPic/taiwei.jpg	2121
Client/Unity/Assets/Game/Resources/LegacyVisual/GeneralPic/taoqian.jpg	2447
Client/Unity/Assets/Game/Resources/LegacyVisual/GeneralPic/tianfeng.jpg	3921
Client/Unity/Assets/Game/Resources/LegacyVisual/GeneralPic/wangshuang.jpg	2307
Client/Unity/Assets/Game/Resources/LegacyVisual/GeneralPic/wangyun.jpg	2542
Client/Unity/Assets/Game/Resources/LegacyVisual/GeneralPic/weixu.jpg	4708
Client/Unity/Assets/Game/Resources/LegacyVisual/GeneralPic/weiyan.jpg	4186
Client/Unity/Assets/Game/Resources/LegacyVisual/GeneralPic/wenchou.jpg	3638
Client/Unity/Assets/Game/Resources/LegacyVisual/GeneralPic/wenyang.jpg	2590
Client/Unity/Assets/Game/Resources/LegacyVisual/GeneralPic/wuguancaoshi.jpg	2024
Client/Unity/Assets/Game/Resources/LegacyVisual/GeneralPic/wuguancaoyuan.jpg	2447
Client/Unity/Assets/Game/Resources/LegacyVisual/GeneralPic/xiahouba.jpg	2500
Client/Unity/Assets/Game/Resources/LegacyVisual/GeneralPic/xiahoudun.jpg	3650
Client/Unity/Assets/Game/Resources/LegacyVisual/GeneralPic/xiahouen.jpg	3943
Client/Unity/Assets/Game/Resources/LegacyVisual/GeneralPic/xiahouyuan.jpg	3997
Client/Unity/Assets/Game/Resources/LegacyVisual/GeneralPic/xiandi.jpg	3989
Client/Unity/Assets/Game/Resources/LegacyVisual/GeneralPic/xiaoqiao.jpg	3728
Client/Unity/Assets/Game/Resources/LegacyVisual/GeneralPic/xuchu.jpg	4312
Client/Unity/Assets/Game/Resources/LegacyVisual/GeneralPic/xuhuang.jpg	3965
Client/Unity/Assets/Game/Resources/LegacyVisual/GeneralPic/xunyou.jpg	2455
Client/Unity/Assets/Game/Resources/LegacyVisual/GeneralPic/xunyu.jpg	3722
Client/Unity/Assets/Game/Resources/LegacyVisual/GeneralPic/xurong.jpg	4146
Client/Unity/Assets/Game/Resources/LegacyVisual/GeneralPic/xusheng.jpg	3806
Client/Unity/Assets/Game/Resources/LegacyVisual/GeneralPic/xushu.jpg	3387
Client/Unity/Assets/Game/Resources/LegacyVisual/GeneralPic/xuyou.jpg	3537
Client/Unity/Assets/Game/Resources/LegacyVisual/GeneralPic/yangfeng.jpg	3292
Client/Unity/Assets/Game/Resources/LegacyVisual/GeneralPic/yangsong.jpg	2345
Client/Unity/Assets/Game/Resources/LegacyVisual/GeneralPic/yangsong1.jpg	45628
Client/Unity/Assets/Game/Resources/LegacyVisual/GeneralPic/yangxiu.jpg	2308
Client/Unity/Assets/Game/Resources/LegacyVisual/GeneralPic/yanliang.jpg	3974
Client/Unity/Assets/Game/Resources/LegacyVisual/GeneralPic/yanyan.jpg	4099
Client/Unity/Assets/Game/Resources/LegacyVisual/GeneralPic/yiji.jpg	2392
Client/Unity/Assets/Game/Resources/LegacyVisual/GeneralPic/yijianshi1.jpg	220195
Client/Unity/Assets/Game/Resources/LegacyVisual/GeneralPic/yuanshao.jpg	2577
Client/Unity/Assets/Game/Resources/LegacyVisual/GeneralPic/yuanshu.jpg	2118
Client/Unity/Assets/Game/Resources/LegacyVisual/GeneralPic/yuanzhengjun.jpg	4058
Client/Unity/Assets/Game/Resources/LegacyVisual/GeneralPic/yujing.jpg	2484
Client/Unity/Assets/Game/Resources/LegacyVisual/GeneralPic/zangba.jpg	2166
Client/Unity/Assets/Game/Resources/LegacyVisual/GeneralPic/zhangbao.jpg	3638
Client/Unity/Assets/Game/Resources/LegacyVisual/GeneralPic/zhangbao1.jpg	3526
Client/Unity/Assets/Game/Resources/LegacyVisual/GeneralPic/zhangfei.jpg	4202
Client/Unity/Assets/Game/Resources/LegacyVisual/GeneralPic/zhanghe.jpg	3884
Client/Unity/Assets/Game/Resources/LegacyVisual/GeneralPic/zhanghong.jpg	2362
Client/Unity/Assets/Game/Resources/LegacyVisual/GeneralPic/zhangji.jpg	3912
Client/Unity/Assets/Game/Resources/LegacyVisual/GeneralPic/zhangjiao.jpg	2557
Client/Unity/Assets/Game/Resources/LegacyVisual/GeneralPic/zhangjiao1.jpg	3834
Client/Unity/Assets/Game/Resources/LegacyVisual/GeneralPic/zhangliang.jpg	4000
Client/Unity/Assets/Game/Resources/LegacyVisual/GeneralPic/zhangliao.jpg	3798
Client/Unity/Assets/Game/Resources/LegacyVisual/GeneralPic/zhanglu.jpg	2362
Client/Unity/Assets/Game/Resources/LegacyVisual/GeneralPic/zhanglu1.jpg	45146
Client/Unity/Assets/Game/Resources/LegacyVisual/GeneralPic/zhangrang.jpg	3807
Client/Unity/Assets/Game/Resources/LegacyVisual/GeneralPic/zhangren.jpg	3888
Client/Unity/Assets/Game/Resources/LegacyVisual/GeneralPic/zhangsong.jpg	2495
Client/Unity/Assets/Game/Resources/LegacyVisual/GeneralPic/zhangzhao.jpg	3430
Client/Unity/Assets/Game/Resources/LegacyVisual/GeneralPic/zhaoxin1.jpg	221761
Client/Unity/Assets/Game/Resources/LegacyVisual/GeneralPic/zhaoyun.jpg	3727
Client/Unity/Assets/Game/Resources/LegacyVisual/GeneralPic/zhengbeijiangjun.jpg	2318
Client/Unity/Assets/Game/Resources/LegacyVisual/GeneralPic/zhengdongjiangjun.jpg	2291
Client/Unity/Assets/Game/Resources/LegacyVisual/GeneralPic/zhengnanjiangjun.jpg	2665
Client/Unity/Assets/Game/Resources/LegacyVisual/GeneralPic/zhengxijiangjun.jpg	2690
Client/Unity/Assets/Game/Resources/LegacyVisual/GeneralPic/zhonghui.jpg	2303
Client/Unity/Assets/Game/Resources/LegacyVisual/GeneralPic/zhoucang.jpg	3824
Client/Unity/Assets/Game/Resources/LegacyVisual/GeneralPic/zhoutai.jpg	4108
Client/Unity/Assets/Game/Resources/LegacyVisual/GeneralPic/zhouyu.jpg	3780
Client/Unity/Assets/Game/Resources/LegacyVisual/GeneralPic/zhugejin.jpg	2521
Client/Unity/Assets/Game/Resources/LegacyVisual/GeneralPic/zhugeliang.jpg	3894
Client/Unity/Assets/Game/Resources/LegacyVisual/GeneralPic/zhuran.jpg	3561
Client/Unity/Assets/Game/Resources/LegacyVisual/GeneralPic/zhurong.jpg	3843
Client/Unity/Assets/Game/Resources/LegacyVisual/GeneralPic/zumao.jpg	53135
Client/Unity/Assets/Game/Resources/LegacyVisual/MainCity/UI/00017.png	9524
Client/Unity/Assets/Game/Resources/LegacyVisual/MainCity/UI/00053.png	3358
Client/Unity/Assets/Game/Resources/LegacyVisual/MainCity/UI/00055.png	3344
Client/Unity/Assets/Game/Resources/LegacyVisual/MainCity/UI/00057.png	3194
Client/Unity/Assets/Game/Resources/LegacyVisual/MainCity/legacy_maincity_bg_1.jpg	180045
Client/Unity/Assets/Game/Resources/LegacyVisual/MainCity/legacy_maincity_regional_00001.png	2257957
Client/Unity/Assets/Game/Resources/LegacyVisual/RolePortraits/Big/1.png	168287
Client/Unity/Assets/Game/Resources/LegacyVisual/RoleScene/background.jpg	285089
Client/Unity/Assets/Game/Resources/LegacyVisual/RoleScene/enter.png	15879
Client/Unity/Assets/Game/Resources/LegacyVisual/RoleScene/enter_down.png	14864
Client/Unity/Assets/Game/Resources/LegacyVisual/RoleScene/enter_over.png	15259
Client/Unity/Assets/Game/Resources/LegacyVisual/RoleScene/panel.png	9520
Client/Unity/Assets/Game/Resources/LegacyVisual/Tavern/00675.png	107
Client/Unity/Assets/Game/Resources/LegacyVisual/Tavern/00699.png	782
Client/Unity/Assets/Game/Resources/LegacyVisual/Tavern/00701.png	744
Client/Unity/Assets/Game/Resources/LegacyVisual/Tavern/00703.png	731
Client/Unity/Assets/Game/Resources/LegacyVisual/Tavern/00705.png	769
Client/Unity/Assets/Game/Resources/LegacyVisual/Tavern/00707.png	720
Client/Unity/Assets/Game/Resources/LegacyVisual/Tavern/00709.png	738
Client/Unity/Assets/Game/Resources/LegacyVisual/Tavern/00780.png	43234
Client/Unity/Assets/Game/Resources/LegacyVisual/Tavern/00782.png	348
Client/Unity/Assets/Game/Resources/LegacyVisual/Tavern/00785.png	621
Client/Unity/Assets/Game/Resources/LegacyVisual/Tavern/00789.png	5043
Client/Unity/Assets/Game/Resources/LegacyVisual/Tavern/00792.png	754
Client/Unity/Assets/Game/Resources/LegacyVisual/Tavern/00794.png	1632
Client/Unity/Assets/Game/Resources/LegacyVisual/Tavern/00797.png	2665
Client/Unity/Assets/Game/Resources/LegacyVisual/Tavern/00799.png	3484
Client/Unity/Assets/Game/Resources/LegacyVisual/Tavern/00828.png	254
Client/Unity/Assets/Game/Resources/LegacyVisual/Tavern/00878.png	867
Client/Unity/Assets/Game/Resources/LegacyVisual/Tavern/00880.png	874
Client/Unity/Assets/Game/Resources/LegacyVisual/Tavern/00882.png	837
Client/Unity/Assets/Game/Resources/LegacyVisual/Tavern/00891.png	873
Client/Unity/Assets/Game/Resources/LegacyVisual/Tavern/00903.png	27071
Client/Unity/Assets/Game/Resources/LegacyVisual/Tavern/00914.png	927
Client/Unity/Assets/Game/Resources/LegacyVisual/Tavern/00916.png	552
Client/Unity/Assets/Game/Resources/LegacyVisual/Tavern/00919.png	464
Client/Unity/Assets/Game/Resources/LegacyVisual/Tavern/00922.png	499
Client/Unity/Assets/Game/Resources/LegacyVisual/Tavern/01202.png	923
Client/Unity/Assets/Game/Resources/LegacyVisual/Tavern/01204.png	1015
Client/Unity/Assets/Game/Resources/LegacyVisual/Tavern/01206.png	914
Client/Unity/Assets/Game/Resources/LegacyVisual/Tavern/01210.png	2722
Client/Unity/Assets/Game/Resources/LegacyVisual/Tavern/01213.png	25481
Client/Unity/Assets/Game/Resources/LegacyVisual/Tavern/01216.png	19353
Client/Unity/Assets/Game/Resources/LegacyVisual/Tavern/01219.png	418
Client/Unity/Assets/Game/Resources/LegacyVisual/Tavern/01222.png	405
Client/Unity/Assets/Game/Resources/LegacyVisual/Tavern/01225.png	874
Client/Unity/Assets/Game/Resources/LegacyVisual/Tavern/01229.png	1766
Client/Unity/Assets/Game/Resources/LegacyVisual/Tavern/01232.png	1832
Client/Unity/Assets/Game/Resources/LegacyVisual/Tavern/01235.png	10914
Client/Unity/Assets/Game/Resources/LegacyVisual/Tavern/01240.png	107
Client/Unity/Assets/Game/Resources/LegacyVisual/Tavern/01244.png	5230
Client/Unity/Assets/Game/Resources/LegacyVisual/Tavern/01246.png	5040
Client/Unity/Assets/Game/Resources/LegacyVisual/Tech/00001.png	593
Client/Unity/Assets/Game/Resources/LegacyVisual/Tech/00003.png	611
Client/Unity/Assets/Game/Resources/LegacyVisual/Tech/00006.png	18947
Client/Unity/Assets/Game/Resources/LegacyVisual/Tech/00008.png	24061
Client/Unity/Assets/Game/Resources/LegacyVisual/Tech/00010.png	18538
Client/Unity/Assets/Game/Resources/LegacyVisual/Tech/00013.png	474
Client/Unity/Assets/Game/Resources/LegacyVisual/Tech/00015.png	477
Client/Unity/Assets/Game/Resources/LegacyVisual/Tech/00017.png	498
Client/Unity/Assets/Game/Resources/LegacyVisual/Tech/00020.png	345
Client/Unity/Assets/Game/Resources/LegacyVisual/Tech/00022.png	1347
Client/Unity/Assets/Game/Resources/LegacyVisual/Tech/00031.png	793
Client/Unity/Assets/Game/Resources/LegacyVisual/Tech/00034.png	4869
Client/Unity/Assets/Game/Resources/LegacyVisual/Tech/00037.png	30527
Client/Unity/Assets/Game/Resources/LegacyVisual/Tech/00040.png	175
Client/Unity/Assets/Game/Resources/LegacyVisual/Tech/00044.png	332
Client/Unity/Assets/Game/Resources/LegacyVisual/Tech/00048.png	1412
Client/Unity/Assets/Game/Resources/LegacyVisual/Tech/00053.png	1824
Client/Unity/Assets/Game/Resources/LegacyVisual/Tech/Icons/bianchi.jpg	4570
Client/Unity/Assets/Game/Resources/LegacyVisual/Tech/Icons/bingzhong.jpg	19530
Client/Unity/Assets/Game/Resources/LegacyVisual/Tech/Icons/btjishi.jpg	19482
Client/Unity/Assets/Game/Resources/LegacyVisual/Tech/Icons/cangku.jpg	19411
Client/Unity/Assets/Game/Resources/LegacyVisual/Tech/Icons/cityfeat.jpg	1583
Client/Unity/Assets/Game/Resources/LegacyVisual/Tech/Icons/dianbing.jpg	19970
Client/Unity/Assets/Game/Resources/LegacyVisual/Tech/Icons/duanjia.jpg	16131
Client/Unity/Assets/Game/Resources/LegacyVisual/Tech/Icons/ganji.jpg	19705
Client/Unity/Assets/Game/Resources/LegacyVisual/Tech/Icons/gaoguan.jpg	16448
Client/Unity/Assets/Game/Resources/LegacyVisual/Tech/Icons/gem.jpg	15967
Client/Unity/Assets/Game/Resources/LegacyVisual/Tech/Icons/guanyun.jpg	1720
Client/Unity/Assets/Game/Resources/LegacyVisual/Tech/Icons/gzjy.jpg	19345
Client/Unity/Assets/Game/Resources/LegacyVisual/Tech/Icons/hengtong.jpg	1516
Client/Unity/Assets/Game/Resources/LegacyVisual/Tech/Icons/hexie.jpg	18968
Client/Unity/Assets/Game/Resources/LegacyVisual/Tech/Icons/hysj.jpg	19419
Client/Unity/Assets/Game/Resources/LegacyVisual/Tech/Icons/jianren.jpg	20164
Client/Unity/Assets/Game/Resources/LegacyVisual/Tech/Icons/jianyan.jpg	19837
Client/Unity/Assets/Game/Resources/LegacyVisual/Tech/Icons/jiaofu.jpg	15982
Client/Unity/Assets/Game/Resources/LegacyVisual/Tech/Icons/jiaohuo.jpg	19360
Client/Unity/Assets/Game/Resources/LegacyVisual/Tech/Icons/jidian.jpg	15929
Client/Unity/Assets/Game/Resources/LegacyVisual/Tech/Icons/jiebingjy.jpg	1641
Client/Unity/Assets/Game/Resources/LegacyVisual/Tech/Icons/jituanjun.jpg	18935
Client/Unity/Assets/Game/Resources/LegacyVisual/Tech/Icons/kaoshang.jpg	19785
Client/Unity/Assets/Game/Resources/LegacyVisual/Tech/Icons/kusi.jpg	10287
Client/Unity/Assets/Game/Resources/LegacyVisual/Tech/Icons/lilian.jpg	19701
Client/Unity/Assets/Game/Resources/LegacyVisual/Tech/Icons/lingdan.jpg	19476
Client/Unity/Assets/Game/Resources/LegacyVisual/Tech/Icons/pijing.jpg	19992
Client/Unity/Assets/Game/Resources/LegacyVisual/Tech/Icons/qiangbing.jpg	20126
Client/Unity/Assets/Game/Resources/LegacyVisual/Tech/Icons/qiangfang.jpg	19847
Client/Unity/Assets/Game/Resources/LegacyVisual/Tech/Icons/qianggong.jpg	16040
Client/Unity/Assets/Game/Resources/LegacyVisual/Tech/Icons/qiangzhuang.jpg	19568
Client/Unity/Assets/Game/Resources/LegacyVisual/Tech/Icons/qinzheng.jpg	19419
Client/Unity/Assets/Game/Resources/LegacyVisual/Tech/Icons/riliwanji.jpg	19705
Client/Unity/Assets/Game/Resources/LegacyVisual/Tech/Icons/shadi.jpg	1641
Client/Unity/Assets/Game/Resources/LegacyVisual/Tech/Icons/shengyan.jpg	19358
Client/Unity/Assets/Game/Resources/LegacyVisual/Tech/Icons/sjjb.jpg	19837
Client/Unity/Assets/Game/Resources/LegacyVisual/Tech/Icons/tanyou.jpg	19144
Client/Unity/Assets/Game/Resources/LegacyVisual/Tech/Icons/taozhuang.jpg	16131
Client/Unity/Assets/Game/Resources/LegacyVisual/Tech/Icons/tiaozhan.jpg	1583
Client/Unity/Assets/Game/Resources/LegacyVisual/Tech/Icons/tjqh.jpg	19330
Client/Unity/Assets/Game/Resources/LegacyVisual/Tech/Icons/tpfExp.jpg	1583
Client/Unity/Assets/Game/Resources/LegacyVisual/Tech/Icons/tuntian.jpg	19278
Client/Unity/Assets/Game/Resources/LegacyVisual/Tech/Icons/wenguan.jpg	10287
Client/Unity/Assets/Game/Resources/LegacyVisual/Tech/Icons/wenhao.jpg	20329
Client/Unity/Assets/Game/Resources/LegacyVisual/Tech/Icons/wujiang.jpg	19718
Client/Unity/Assets/Game/Resources/LegacyVisual/Tech/Icons/xiangzhu.jpg	19964
Client/Unity/Assets/Game/Resources/LegacyVisual/Tech/Icons/xjwx.jpg	19720
Client/Unity/Assets/Game/Resources/LegacyVisual/Tech/Icons/ycjn.jpg	16131
Client/Unity/Assets/Game/Resources/LegacyVisual/Tech/Icons/yingyong.jpg	20105
Client/Unity/Assets/Game/Resources/LegacyVisual/Tech/Icons/zdzs.jpg	19837
Client/Unity/Assets/Game/Resources/LegacyVisual/Tech/Icons/zhanchengjy.jpg	1720
Client/Unity/Assets/Game/Resources/LegacyVisual/Tech/Icons/zhaomu.jpg	18935
Client/Unity/Assets/Game/Resources/LegacyVisual/Tech/Icons/zhengdian.jpg	1516
Client/Unity/Assets/Game/Resources/LegacyVisual/Tech/Icons/zhujian.jpg	19345
Client/Unity/Assets/Game/Scripts/Core/ClientConfig.cs	370
Client/Unity/Assets/Game/Scripts/Features/Equipment/EquipmentPanel.cs	16953
Client/Unity/Assets/Game/Scripts/Features/FirstPlayable/FirstPlayableApp.cs	15600
Client/Unity/Assets/Game/Scripts/Features/FirstPlayable/LegacyUiFactory.cs	9984
Client/Unity/Assets/Game/Scripts/Features/Tavern/GeneralRosterPanel.cs	3954
Client/Unity/Assets/Game/Scripts/Features/Tavern/TavernPanel.cs	8649
Client/Unity/Assets/Game/Scripts/Features/Technology/TechnologyPanel.cs	9395
Client/Unity/Assets/Game/Scripts/Networking/ApiClient.cs	6213
Client/Unity/Assets/Game/Scripts/Networking/ApiModels.cs	6516
Client/Unity/Assets/Game/Scripts/Networking/RealtimeClient.cs	2718
Client/Unity/Packages/manifest.json	58
Client/Unity/ProjectSettings/ProjectVersion.txt	83
Client/Unity/README_FIRST_OPEN.txt	650
Data/Canonical/buildings.json	55279
Data/Canonical/charge_items.json	29315
Data/Canonical/constants.json	15470
Data/Canonical/equip_suits.json	3673
Data/Canonical/equipment.json	53218
Data/Canonical/functions.json	5068
Data/Canonical/general_positions.json	1537
Data/Canonical/general_recruits.json	9823
Data/Canonical/generals.json	868639
Data/Canonical/items.json	28047
Data/Canonical/names.json	37313
Data/Canonical/serial.json	66156
Data/Canonical/store_items.json	14549
Data/Canonical/store_stats.json	3494
Data/Canonical/string_constants.json	2154
Data/Canonical/tactics.json	51295
Data/Canonical/tasks.json	171718
Data/Canonical/tavern_stats.json	2560
Data/Canonical/technologies.json	77062
Data/Canonical/troops.json	437176
Data/Canonical/world_cities.json	121894
Data/Canonical/world_roads.json	61481
Database/Migrations/001_initial.sql	1801
Database/Migrations/002_building_progression.sql	202
Database/Migrations/003_generals_tavern.sql	2407
Database/Migrations/004_store_equipment.sql	2971
Database/Migrations/005_equipment_runtime.sql	479
Database/Migrations/006_technology.sql	831
Generated/Extracted/CreateRole/00001.png	736
Generated/Extracted/CreateRole/00002.png	36235
Generated/Extracted/CreateRole/00005.png	1328
Generated/Extracted/CreateRole/00009.png	2932
Generated/Extracted/CreateRole/00012.png	13606
Generated/Extracted/CreateRole/00014.png	12983
Generated/Extracted/CreateRole/00016.png	12471
Generated/Extracted/CreateRole/00019.png	1367
Generated/Extracted/CreateRole/00022.png	1682
Generated/Extracted/CreateRole/00025.png	665
Generated/Extracted/CreateRole/_contact_CreateRole.jpg	31444
Generated/Extracted/CreateRole/manifest.json	618
Generated/Extracted/Equip/00001.png	3989
Generated/Extracted/Equip/00003.png	11305
Generated/Extracted/Equip/00005.png	11993
Generated/Extracted/Equip/00007.png	10579
Generated/Extracted/Equip/00009.png	11074
Generated/Extracted/Equip/00011.png	10483
Generated/Extracted/Equip/00013.png	4600
Generated/Extracted/Equip/00015.png	10889
Generated/Extracted/Equip/00018.png	16558
Generated/Extracted/Equip/00029.png	1883
Generated/Extracted/Equip/00032.png	5236
Generated/Extracted/Equip/00035.png	8167
Generated/Extracted/Equip/00038.png	9318
Generated/Extracted/Equip/00041.png	13729
Generated/Extracted/Equip/00044.png	13958
Generated/Extracted/Equip/00047.png	15776
Generated/Extracted/Equip/00050.png	17729
Generated/Extracted/Equip/00053.png	17094
Generated/Extracted/Equip/00056.png	16142
Generated/Extracted/Equip/00059.png	17307
Generated/Extracted/Equip/00062.png	13799
Generated/Extracted/Equip/00065.png	17450
Generated/Extracted/Equip/00068.png	12415
Generated/Extracted/Equip/00071.png	14308
Generated/Extracted/Equip/00074.png	11232
Generated/Extracted/Equip/00077.png	11382
Generated/Extracted/Equip/00080.png	7790
Generated/Extracted/Equip/00083.png	11434
Generated/Extracted/Equip/00086.png	4311
Generated/Extracted/Equip/00089.png	9788
Generated/Extracted/Equip/00092.png	2728
Generated/Extracted/Equip/00096.png	10995
Generated/Extracted/Equip/00099.png	14954
Generated/Extracted/Equip/00102.png	16534
Generated/Extracted/Equip/00105.png	10127
Generated/Extracted/Equip/00109.png	322
Generated/Extracted/Equip/00113.png	271
Generated/Extracted/Equip/00118.png	127
Generated/Extracted/Equip/00121.png	19007
Generated/Extracted/Equip/00124.png	684
Generated/Extracted/Equip/00128.png	6366
Generated/Extracted/Equip/00131.png	7555
Generated/Extracted/Equip/00133.png	393
Generated/Extracted/Equip/00136.png	2654
Generated/Extracted/Equip/00138.png	110844
Generated/Extracted/Equip/00140.png	795
Generated/Extracted/Equip/00142.png	3962
Generated/Extracted/Equip/00145.png	4840
Generated/Extracted/Equip/00149.png	8157
Generated/Extracted/Equip/00155.png	8975
Generated/Extracted/Equip/00161.png	8825
Generated/Extracted/Equip/00167.png	8498
Generated/Extracted/Equip/00173.png	8673
Generated/Extracted/Equip/00179.png	8542
Generated/Extracted/Equip/00185.png	8792
Generated/Extracted/Equip/00191.png	8425
Generated/Extracted/Equip/00197.png	8659
Generated/Extracted/Equip/00203.png	8710
Generated/Extracted/Equip/00227.png	8859
Generated/Extracted/Equip/00247.png	412
Generated/Extracted/Equip/00249.png	528
Generated/Extracted/Equip/00251.png	569
Generated/Extracted/Equip/00253.png	484
Generated/Extracted/Equip/00255.png	563
Generated/Extracted/Equip/00257.png	584
Generated/Extracted/Equip/00259.png	425
Generated/Extracted/Equip/00261.png	579
Generated/Extracted/Equip/00263.png	589
Generated/Extracted/Equip/00265.png	554
Generated/Extracted/Equip/00267.png	351
Generated/Extracted/Equip/00270.png	1440
Generated/Extracted/Equip/00273.png	10997
Generated/Extracted/Equip/00276.png	270
Generated/Extracted/Equip/00279.png	153
Generated/Extracted/Equip/00283.png	943
Generated/Extracted/Equip/00285.png	983
Generated/Extracted/Equip/00287.png	892
Generated/Extracted/Equip/00290.png	11851
Generated/Extracted/Equip/00298.png	14660
Generated/Extracted/Equip/00300.png	1036
Generated/Extracted/Equip/00304.png	608
Generated/Extracted/Equip/00306.png	476
Generated/Extracted/Equip/00308.png	504
Generated/Extracted/Equip/00310.png	501
Generated/Extracted/Equip/00312.png	464
Generated/Extracted/Equip/00314.png	485
Generated/Extracted/Equip/00320.png	12327
Generated/Extracted/Equip/00323.png	651
Generated/Extracted/Equip/00326.png	1045
Generated/Extracted/Equip/00329.png	3219
Generated/Extracted/Equip/00338.png	796
Generated/Extracted/Equip/00339.png	117256
Generated/Extracted/Equip/00342.png	279
Generated/Extracted/Equip/00344.png	300
Generated/Extracted/Equip/00346.png	285
Generated/Extracted/Equip/00349.png	4795
Generated/Extracted/Equip/00352.png	2877
Generated/Extracted/Equip/00356.png	173
Generated/Extracted/Equip/00362.png	3531
Generated/Extracted/Equip/00365.png	3454
Generated/Extracted/Equip/00367.png	2556
Generated/Extracted/Equip/00370.png	8347
Generated/Extracted/Equip/00372.png	4912
Generated/Extracted/Equip/00374.png	4444
Generated/Extracted/Equip/00376.png	3104
Generated/Extracted/Equip/00377.png	6768
Generated/Extracted/Equip/00379.png	3146
Generated/Extracted/Equip/00381.png	3030
Generated/Extracted/Equip/00384.png	9603
Generated/Extracted/Equip/00386.png	3209
Generated/Extracted/Equip/00389.png	608
Generated/Extracted/Equip/00392.png	345
Generated/Extracted/Equip/00393.png	112541
Generated/Extracted/Equip/00396.png	3006
Generated/Extracted/Equip/00402.png	722
Generated/Extracted/Equip/00405.png	798
Generated/Extracted/Equip/00408.png	702
Generated/Extracted/Equip/00411.png	644
Generated/Extracted/Equip/00414.png	769
Generated/Extracted/Equip/00417.png	765
Generated/Extracted/Equip/00420.png	552
Generated/Extracted/Equip/00423.png	464
Generated/Extracted/Equip/00426.png	499
Generated/Extracted/Equip/00429.png	1656
Generated/Extracted/Equip/00433.png	9899
Generated/Extracted/Equip/00434.png	999
Generated/Extracted/Equip/00437.png	16297
Generated/Extracted/Equip/00440.png	1340
Generated/Extracted/Equip/00443.png	23209
Generated/Extracted/Equip/00449.png	46335
Generated/Extracted/Equip/00452.png	42286
Generated/Extracted/Equip/00453.png	6055
Generated/Extracted/Equip/00456.png	3852
Generated/Extracted/Equip/00459.png	2954
Generated/Extracted/Equip/00463.png	4816
Generated/Extracted/Equip/00467.png	923
Generated/Extracted/Equip/00469.png	1015
Generated/Extracted/Equip/00471.png	914
Generated/Extracted/Equip/00474.png	400
Generated/Extracted/Equip/00478.png	782
Generated/Extracted/Equip/00480.png	744
Generated/Extracted/Equip/00482.png	731
Generated/Extracted/Equip/00484.png	769
Generated/Extracted/Equip/00486.png	720
Generated/Extracted/Equip/00488.png	738
Generated/Extracted/Equip/00496.png	10629
Generated/Extracted/Equip/00499.png	442
Generated/Extracted/Equip/00501.png	495
Generated/Extracted/Equip/00503.png	471
Generated/Extracted/Equip/00506.png	20500
Generated/Extracted/Equip/00509.png	2722
Generated/Extracted/Equip/00513.png	418
Generated/Extracted/Equip/00516.png	405
Generated/Extracted/Equip/00519.png	874
Generated/Extracted/Equip/00522.png	873
Generated/Extracted/Equip/00526.png	1710
Generated/Extracted/Equip/00528.png	2014
Generated/Extracted/Equip/00531.png	928
Generated/Extracted/Equip/00534.png	1609
Generated/Extracted/Equip/00537.png	374
Generated/Extracted/Equip/00540.png	7484
Generated/Extracted/Equip/00542.png	8855
Generated/Extracted/Equip/00545.png	428
Generated/Extracted/Equip/00547.png	619
Generated/Extracted/Equip/00549.png	642
Generated/Extracted/Equip/00553.png	12660
Generated/Extracted/Equip/00556.png	684
Generated/Extracted/Equip/00560.png	6543
Generated/Extracted/Equip/00563.png	43038
Generated/Extracted/Equip/00565.png	5191
Generated/Extracted/Equip/00568.png	3727
Generated/Extracted/Equip/00572.png	1183
Generated/Extracted/Equip/00574.png	932
Generated/Extracted/Equip/00576.png	1256
Generated/Extracted/Equip/00578.png	1256
Generated/Extracted/Equip/00580.png	1142
Generated/Extracted/Equip/00582.png	1148
Generated/Extracted/Equip/00584.png	1148
Generated/Extracted/Equip/00586.png	1119
Generated/Extracted/Equip/00588.png	1170
Generated/Extracted/Equip/00590.png	1172
Generated/Extracted/Equip/00594.png	3156
Generated/Extracted/Equip/00595.png	16951
Generated/Extracted/Equip/00597.png	3255
Generated/Extracted/Equip/00598.png	6525
Generated/Extracted/Equip/00600.png	3526
Generated/Extracted/Equip/00601.png	6317
Generated/Extracted/Equip/00603.png	16052
Generated/Extracted/Equip/00605.png	905
Generated/Extracted/Equip/00606.png	6278
Generated/Extracted/Equip/00608.png	12445
Generated/Extracted/Equip/00610.png	10338
Generated/Extracted/Equip/00612.png	11275
Generated/Extracted/Equip/00615.png	73739
Generated/Extracted/Equip/00616.png	30290
Generated/Extracted/Equip/00619.png	2566
Generated/Extracted/Equip/00623.png	6254
Generated/Extracted/Equip/00626.png	2757
Generated/Extracted/Equip/00629.png	68660
Generated/Extracted/Equip/00635.png	5932
Generated/Extracted/Equip/00638.png	5858
Generated/Extracted/Equip/00641.png	5873
Generated/Extracted/Equip/00644.png	5888
Generated/Extracted/Equip/00647.png	5088
Generated/Extracted/Equip/00650.png	4958
Generated/Extracted/Equip/00653.png	5971
Generated/Extracted/Equip/00656.png	6041
Generated/Extracted/Equip/00659.png	5974
Generated/Extracted/Equip/00662.png	5257
Generated/Extracted/Equip/00665.png	5134
Generated/Extracted/Equip/00668.png	4832
Generated/Extracted/Equip/00672.png	4552
Generated/Extracted/Equip/00675.png	227
Generated/Extracted/Equip/00678.png	770
Generated/Extracted/Equip/00681.png	641
Generated/Extracted/Equip/00684.png	645
Generated/Extracted/Equip/00687.png	3819
Generated/Extracted/Equip/00689.png	3819
Generated/Extracted/Equip/00691.png	3791
Generated/Extracted/Equip/00694.png	8512
Generated/Extracted/Equip/00696.png	8382
Generated/Extracted/Equip/00698.png	8773
Generated/Extracted/Equip/00700.png	8548
Generated/Extracted/Equip/00702.png	8516
Generated/Extracted/Equip/00705.png	1067
Generated/Extracted/Equip/00708.png	1234
Generated/Extracted/Equip/00711.png	1550
Generated/Extracted/Equip/00714.png	254
Generated/Extracted/Equip/00717.png	219
Generated/Extracted/Equip/00721.png	3172
Generated/Extracted/Equip/00724.png	2258
Generated/Extracted/Equip/manifest.json	14509
Generated/Extracted/Equip/symbol_map.json	34309
Generated/Extracted/MainCity/00001.png	12881
Generated/Extracted/MainCity/00005.png	13091
Generated/Extracted/MainCity/00007.png	12982
Generated/Extracted/MainCity/00010.png	13214
Generated/Extracted/MainCity/00012.png	13525
Generated/Extracted/MainCity/00014.png	13292
Generated/Extracted/MainCity/00017.png	9524
Generated/Extracted/MainCity/00021.png	759
Generated/Extracted/MainCity/00022.png	1095
Generated/Extracted/MainCity/00024.png	687
Generated/Extracted/MainCity/00026.png	779
Generated/Extracted/MainCity/00028.png	778
Generated/Extracted/MainCity/00030.png	755
Generated/Extracted/MainCity/00032.png	780
Generated/Extracted/MainCity/00034.png	796
Generated/Extracted/MainCity/00036.png	700
Generated/Extracted/MainCity/00038.png	782
Generated/Extracted/MainCity/00040.png	792
Generated/Extracted/MainCity/00053.png	3358
Generated/Extracted/MainCity/00055.png	3344
Generated/Extracted/MainCity/00057.png	3194
Generated/Extracted/MainCity/00060.png	492
Generated/Extracted/MainCity/00061.png	19134
Generated/Extracted/MainCity/00063.png	890
Generated/Extracted/MainCity/00065.png	928
Generated/Extracted/MainCity/00067.png	977
Generated/Extracted/MainCity/00069.png	960
Generated/Extracted/MainCity/00071.png	887
Generated/Extracted/MainCity/00073.png	873
Generated/Extracted/MainCity/00076.png	927
Generated/Extracted/MainCity/00078.png	1036
Generated/Extracted/MainCity/00080.png	1000
Generated/Extracted/MainCity/00082.png	1098
Generated/Extracted/MainCity/00084.png	1110
Generated/Extracted/MainCity/00086.png	1084
Generated/Extracted/MainCity/00088.png	1059
Generated/Extracted/MainCity/00090.png	947
Generated/Extracted/MainCity/00093.png	1089
Generated/Extracted/MainCity/00095.png	1065
Generated/Extracted/MainCity/00097.png	1296
Generated/Extracted/MainCity/00099.png	1114
Generated/Extracted/MainCity/00101.png	1109
Generated/Extracted/MainCity/00103.png	1073
Generated/Extracted/MainCity/00105.png	1095
Generated/Extracted/MainCity/00107.png	971
Generated/Extracted/MainCity/00109.png	1146
Generated/Extracted/MainCity/00111.png	1185
Generated/Extracted/MainCity/00114.png	1183
Generated/Extracted/MainCity/00116.png	1071
Generated/Extracted/MainCity/00118.png	1086
Generated/Extracted/MainCity/00120.png	1143
Generated/Extracted/MainCity/00122.png	1182
Generated/Extracted/MainCity/00124.png	1149
Generated/Extracted/MainCity/00126.png	1181
Generated/Extracted/MainCity/00128.png	1098
Generated/Extracted/MainCity/00130.png	996
Generated/Extracted/MainCity/00132.png	968
Generated/Extracted/MainCity/00135.png	1003
Generated/Extracted/MainCity/00137.png	873
Generated/Extracted/MainCity/00139.png	932
Generated/Extracted/MainCity/00141.png	882
Generated/Extracted/MainCity/00143.png	907
Generated/Extracted/MainCity/00145.png	994
Generated/Extracted/MainCity/00150.png	1819
Generated/Extracted/MainCity/00160.png	593
Generated/Extracted/MainCity/00165.png	2114
Generated/Extracted/MainCity/00167.png	4456
Generated/Extracted/MainCity/00169.png	3736
Generated/Extracted/MainCity/00172.png	3897
Generated/Extracted/MainCity/00173.png	8072
Generated/Extracted/MainCity/00175.png	10275
Generated/Extracted/MainCity/00177.png	4214
Generated/Extracted/MainCity/00180.png	2642
Generated/Extracted/MainCity/00181.png	5995
Generated/Extracted/MainCity/00183.png	8654
Generated/Extracted/MainCity/00185.png	2765
Generated/Extracted/MainCity/00188.png	1457
Generated/Extracted/MainCity/00189.png	3540
Generated/Extracted/MainCity/00191.png	5797
Generated/Extracted/MainCity/00193.png	1690
Generated/Extracted/MainCity/00196.png	4442
Generated/Extracted/MainCity/00199.png	2367
Generated/Extracted/MainCity/00201.png	2301
Generated/Extracted/MainCity/00203.png	2621
Generated/Extracted/MainCity/00205.png	2627
Generated/Extracted/MainCity/00221.png	1046
Generated/Extracted/MainCity/00222.png	1256
Generated/Extracted/MainCity/00223.png	2755
Generated/Extracted/MainCity/00226.png	592
Generated/Extracted/MainCity/00230.png	1107
Generated/Extracted/MainCity/00235.png	634
Generated/Extracted/MainCity/00237.png	634
Generated/Extracted/MainCity/00239.png	632
Generated/Extracted/MainCity/00242.png	8998
Generated/Extracted/MainCity/00245.png	2491
Generated/Extracted/MainCity/00249.png	2729
Generated/Extracted/MainCity/00252.png	7888
Generated/Extracted/MainCity/00254.png	7693
Generated/Extracted/MainCity/00256.png	7210
Generated/Extracted/MainCity/00258.png	7256
Generated/Extracted/MainCity/00260.png	7108
Generated/Extracted/MainCity/00262.png	7456
Generated/Extracted/MainCity/00264.png	7946
Generated/Extracted/MainCity/00266.png	7738
Generated/Extracted/MainCity/00268.png	7291
Generated/Extracted/MainCity/00270.png	6841
Generated/Extracted/MainCity/00272.png	7374
Generated/Extracted/MainCity/00274.png	7879
Generated/Extracted/MainCity/00277.png	6320
Generated/Extracted/MainCity/00282.png	5228
Generated/Extracted/MainCity/00285.png	3069
Generated/Extracted/MainCity/00294.png	9274
Generated/Extracted/MainCity/00297.png	8568
Generated/Extracted/MainCity/00309.png	2442
Generated/Extracted/MainCity/00312.png	6145
Generated/Extracted/MainCity/00314.png	9057
Generated/Extracted/MainCity/00320.png	4588
Generated/Extracted/MainCity/00326.png	11096
Generated/Extracted/MainCity/00328.png	21606
Generated/Extracted/MainCity/00330.png	29206
Generated/Extracted/MainCity/00332.png	36756
Generated/Extracted/MainCity/00334.png	36951
Generated/Extracted/MainCity/00336.png	26242
Generated/Extracted/MainCity/00338.png	15930
Generated/Extracted/MainCity/00340.png	10611
Generated/Extracted/MainCity/00342.png	6156
Generated/Extracted/MainCity/00354.png	4808
Generated/Extracted/MainCity/00356.png	6554
Generated/Extracted/MainCity/00361.png	3936
Generated/Extracted/MainCity/00363.png	3844
Generated/Extracted/MainCity/00366.png	4123
Generated/Extracted/MainCity/00370.png	4983
Generated/Extracted/MainCity/00371.png	6897
Generated/Extracted/MainCity/00373.png	3448
Generated/Extracted/MainCity/00377.png	2745
Generated/Extracted/MainCity/00379.png	2552
Generated/Extracted/MainCity/00386.png	1965
Generated/Extracted/MainCity/00388.png	2694
Generated/Extracted/MainCity/00391.png	4196
Generated/Extracted/MainCity/00394.png	539
Generated/Extracted/MainCity/00402.png	3745
Generated/Extracted/MainCity/00404.png	2038
Generated/Extracted/MainCity/00407.png	3807
Generated/Extracted/MainCity/00411.png	3744
Generated/Extracted/MainCity/00415.png	23492
Generated/Extracted/MainCity/00418.png	1952
Generated/Extracted/MainCity/00422.png	3783
Generated/Extracted/MainCity/00426.png	759
Generated/Extracted/MainCity/00428.png	687
Generated/Extracted/MainCity/00430.png	779
Generated/Extracted/MainCity/00432.png	778
Generated/Extracted/MainCity/00434.png	755
Generated/Extracted/MainCity/00436.png	780
Generated/Extracted/MainCity/00438.png	796
Generated/Extracted/MainCity/00440.png	700
Generated/Extracted/MainCity/00442.png	782
Generated/Extracted/MainCity/00444.png	792
Generated/Extracted/MainCity/00447.png	2729
Generated/Extracted/MainCity/00449.png	2693
Generated/Extracted/MainCity/00451.png	2618
Generated/Extracted/MainCity/00453.png	4211
Generated/Extracted/MainCity/00455.png	4244
Generated/Extracted/MainCity/00457.png	5089
Generated/Extracted/MainCity/00459.png	5162
Generated/Extracted/MainCity/00461.png	5185
Generated/Extracted/MainCity/00463.png	5160
Generated/Extracted/MainCity/00465.png	5164
Generated/Extracted/MainCity/00468.png	3046
Generated/Extracted/MainCity/00473.png	12627
Generated/Extracted/MainCity/00475.png	12921
Generated/Extracted/MainCity/00477.png	12910
Generated/Extracted/MainCity/00480.png	13366
Generated/Extracted/MainCity/00482.png	13539
Generated/Extracted/MainCity/00484.png	13171
Generated/Extracted/MainCity/00487.png	5184
Generated/Extracted/MainCity/00489.png	5548
Generated/Extracted/MainCity/00491.png	4561
Generated/Extracted/MainCity/00494.png	5306
Generated/Extracted/MainCity/_contact_MainCity.jpg	207110
Generated/Extracted/MainCity/manifest.json	11172
Generated/Extracted/RoleScene/00001.png	1873
Generated/Extracted/RoleScene/00003.png	1832
Generated/Extracted/RoleScene/00005.png	2181
Generated/Extracted/RoleScene/00008.png	1562
Generated/Extracted/RoleScene/00010.png	1629
Generated/Extracted/RoleScene/00012.png	1823
Generated/Extracted/RoleScene/00014.png	1778
Generated/Extracted/RoleScene/00016.png	1749
Generated/Extracted/RoleScene/00018.png	1752
Generated/Extracted/RoleScene/00020.png	1765
Generated/Extracted/RoleScene/00022.png	1825
Generated/Extracted/RoleScene/00024.png	1790
Generated/Extracted/RoleScene/00026.png	2300
Generated/Extracted/RoleScene/00029.png	55714
Generated/Extracted/RoleScene/00036.png	4644
Generated/Extracted/RoleScene/00038.png	4457
Generated/Extracted/RoleScene/00040.png	4457
Generated/Extracted/RoleScene/00043.png	1265
Generated/Extracted/RoleScene/00046.png	6703
Generated/Extracted/RoleScene/00048.png	538
Generated/Extracted/RoleScene/00051.png	4772
Generated/Extracted/RoleScene/00053.png	4733
Generated/Extracted/RoleScene/00055.png	4584
Generated/Extracted/RoleScene/00058.png	330
Generated/Extracted/RoleScene/00060.png	365
Generated/Extracted/RoleScene/00062.png	341
Generated/Extracted/RoleScene/00065.png	337
Generated/Extracted/RoleScene/00067.png	367
Generated/Extracted/RoleScene/00069.png	347
Generated/Extracted/RoleScene/00072.png	1565
Generated/Extracted/RoleScene/00074.png	1686
Generated/Extracted/RoleScene/00076.png	1477
Generated/Extracted/RoleScene/00079.png	9520
Generated/Extracted/RoleScene/00082.png	15879
Generated/Extracted/RoleScene/00084.png	15259
Generated/Extracted/RoleScene/00086.png	14864
Generated/Extracted/RoleScene/00089.png	548843
Generated/Extracted/RoleScene/00092.png	31561
Generated/Extracted/RoleScene/00093.png	62496
Generated/Extracted/RoleScene/00096.png	114792
Generated/Extracted/RoleScene/_contact_RoleScene.jpg	114567
Generated/Extracted/RoleScene/manifest.json	2478
Generated/Extracted/Tavern/00001.png	25693
Generated/Extracted/Tavern/00012.png	22099
Generated/Extracted/Tavern/00016.png	5164
Generated/Extracted/Tavern/00018.png	5329
Generated/Extracted/Tavern/00020.png	5316
Generated/Extracted/Tavern/00022.png	5648
Generated/Extracted/Tavern/00024.png	5502
Generated/Extracted/Tavern/00027.png	9810
Generated/Extracted/Tavern/00031.png	14533
Generated/Extracted/Tavern/00034.png	136840
Generated/Extracted/Tavern/00035.png	24200
Generated/Extracted/Tavern/00036.png	187546
Generated/Extracted/Tavern/00039.png	923
Generated/Extracted/Tavern/00041.png	1015
Generated/Extracted/Tavern/00043.png	914
Generated/Extracted/Tavern/00046.png	400
Generated/Extracted/Tavern/00049.png	315
Generated/Extracted/Tavern/00053.png	388
Generated/Extracted/Tavern/00056.png	242
Generated/Extracted/Tavern/00058.png	947
Generated/Extracted/Tavern/00060.png	412
Generated/Extracted/Tavern/00061.png	802
Generated/Extracted/Tavern/00063.png	5766
Generated/Extracted/Tavern/00065.png	2642
Generated/Extracted/Tavern/00072.png	528
Generated/Extracted/Tavern/00074.png	569
Generated/Extracted/Tavern/00076.png	484
Generated/Extracted/Tavern/00078.png	563
Generated/Extracted/Tavern/00080.png	584
Generated/Extracted/Tavern/00082.png	425
Generated/Extracted/Tavern/00084.png	579
Generated/Extracted/Tavern/00086.png	589
Generated/Extracted/Tavern/00088.png	554
Generated/Extracted/Tavern/00181.png	397
Generated/Extracted/Tavern/00184.png	405
Generated/Extracted/Tavern/00187.png	464
Generated/Extracted/Tavern/00189.png	485
Generated/Extracted/Tavern/00192.png	379
Generated/Extracted/Tavern/00195.png	247
Generated/Extracted/Tavern/00197.png	413
Generated/Extracted/Tavern/00200.png	95803
Generated/Extracted/Tavern/00201.png	119374
Generated/Extracted/Tavern/00203.png	1687
Generated/Extracted/Tavern/00205.png	1809
Generated/Extracted/Tavern/00207.png	1939
Generated/Extracted/Tavern/00209.png	2068
Generated/Extracted/Tavern/00211.png	2152
Generated/Extracted/Tavern/00213.png	2153
Generated/Extracted/Tavern/00215.png	2081
Generated/Extracted/Tavern/00217.png	2026
Generated/Extracted/Tavern/00219.png	1976
Generated/Extracted/Tavern/00221.png	1911
Generated/Extracted/Tavern/00223.png	1894
Generated/Extracted/Tavern/00225.png	1790
Generated/Extracted/Tavern/00227.png	1782
Generated/Extracted/Tavern/00229.png	1773
Generated/Extracted/Tavern/00231.png	1794
Generated/Extracted/Tavern/00233.png	1688
Generated/Extracted/Tavern/00236.png	6680
Generated/Extracted/Tavern/00238.png	6715
Generated/Extracted/Tavern/00240.png	6666
Generated/Extracted/Tavern/00242.png	6618
Generated/Extracted/Tavern/00244.png	6762
Generated/Extracted/Tavern/00246.png	6750
Generated/Extracted/Tavern/00248.png	6593
Generated/Extracted/Tavern/00250.png	6540
Generated/Extracted/Tavern/00252.png	6544
Generated/Extracted/Tavern/00254.png	6687
Generated/Extracted/Tavern/00257.png	8479
Generated/Extracted/Tavern/00259.png	8639
Generated/Extracted/Tavern/00261.png	8700
Generated/Extracted/Tavern/00263.png	8719
Generated/Extracted/Tavern/00265.png	8669
Generated/Extracted/Tavern/00267.png	8791
Generated/Extracted/Tavern/00269.png	8720
Generated/Extracted/Tavern/00271.png	8685
Generated/Extracted/Tavern/00273.png	8579
Generated/Extracted/Tavern/00275.png	8659
Generated/Extracted/Tavern/00279.png	741
Generated/Extracted/Tavern/00282.png	1606
Generated/Extracted/Tavern/00285.png	3497
Generated/Extracted/Tavern/00286.png	2986
Generated/Extracted/Tavern/00289.png	1140
Generated/Extracted/Tavern/00292.png	109
Generated/Extracted/Tavern/00295.png	12613
Generated/Extracted/Tavern/00298.png	8904
Generated/Extracted/Tavern/00307.png	24863
Generated/Extracted/Tavern/00315.png	30104
Generated/Extracted/Tavern/00317.png	32036
Generated/Extracted/Tavern/00321.png	31165
Generated/Extracted/Tavern/00326.png	16727
Generated/Extracted/Tavern/00341.png	157
Generated/Extracted/Tavern/00345.png	506
Generated/Extracted/Tavern/00350.png	833
Generated/Extracted/Tavern/00352.png	778
Generated/Extracted/Tavern/00359.png	2155
Generated/Extracted/Tavern/00363.png	1246
Generated/Extracted/Tavern/00366.png	6259
Generated/Extracted/Tavern/00367.png	463478
Generated/Extracted/Tavern/00373.png	3583
Generated/Extracted/Tavern/00376.png	635
Generated/Extracted/Tavern/00379.png	698
Generated/Extracted/Tavern/00382.png	3909
Generated/Extracted/Tavern/00385.png	1250
Generated/Extracted/Tavern/00388.png	613
Generated/Extracted/Tavern/00390.png	492
Generated/Extracted/Tavern/00392.png	591
Generated/Extracted/Tavern/00394.png	621
Generated/Extracted/Tavern/00396.png	565
Generated/Extracted/Tavern/00398.png	584
Generated/Extracted/Tavern/00400.png	649
Generated/Extracted/Tavern/00402.png	514
Generated/Extracted/Tavern/00404.png	653
Generated/Extracted/Tavern/00406.png	611
Generated/Extracted/Tavern/00408.png	365
Generated/Extracted/Tavern/00410.png	1623
Generated/Extracted/Tavern/00412.png	1576
Generated/Extracted/Tavern/00414.png	1852
Generated/Extracted/Tavern/00416.png	1519
Generated/Extracted/Tavern/00418.png	1379
Generated/Extracted/Tavern/00420.png	2199
Generated/Extracted/Tavern/00422.png	1466
Generated/Extracted/Tavern/00425.png	1592
Generated/Extracted/Tavern/00430.png	234
Generated/Extracted/Tavern/00461.png	9656
Generated/Extracted/Tavern/00464.png	100962
Generated/Extracted/Tavern/00467.png	853
Generated/Extracted/Tavern/00469.png	873
Generated/Extracted/Tavern/00471.png	822
Generated/Extracted/Tavern/00474.png	665
Generated/Extracted/Tavern/00476.png	882
Generated/Extracted/Tavern/00478.png	925
Generated/Extracted/Tavern/00481.png	55960
Generated/Extracted/Tavern/00484.png	55298
Generated/Extracted/Tavern/00487.png	23856
Generated/Extracted/Tavern/00490.png	670
Generated/Extracted/Tavern/00495.png	1083
Generated/Extracted/Tavern/00497.png	2418
Generated/Extracted/Tavern/00499.png	2600
Generated/Extracted/Tavern/00501.png	1967
Generated/Extracted/Tavern/00503.png	2383
Generated/Extracted/Tavern/00505.png	2701
Generated/Extracted/Tavern/00507.png	1779
Generated/Extracted/Tavern/00509.png	2707
Generated/Extracted/Tavern/00511.png	2731
Generated/Extracted/Tavern/00513.png	2394
Generated/Extracted/Tavern/00515.png	741
Generated/Extracted/Tavern/00518.png	8674
Generated/Extracted/Tavern/00520.png	8665
Generated/Extracted/Tavern/00522.png	8608
Generated/Extracted/Tavern/00524.png	8713
Generated/Extracted/Tavern/00526.png	8887
Generated/Extracted/Tavern/00528.png	8489
Generated/Extracted/Tavern/00530.png	8345
Generated/Extracted/Tavern/00532.png	8399
Generated/Extracted/Tavern/00534.png	8371
Generated/Extracted/Tavern/00536.png	8416
Generated/Extracted/Tavern/00538.png	8425
Generated/Extracted/Tavern/00540.png	8447
Generated/Extracted/Tavern/00543.png	1629
Generated/Extracted/Tavern/00545.png	1966
Generated/Extracted/Tavern/00547.png	2729
Generated/Extracted/Tavern/00550.png	412
Generated/Extracted/Tavern/00552.png	528
Generated/Extracted/Tavern/00554.png	569
Generated/Extracted/Tavern/00556.png	484
Generated/Extracted/Tavern/00558.png	563
Generated/Extracted/Tavern/00560.png	584
Generated/Extracted/Tavern/00562.png	425
Generated/Extracted/Tavern/00564.png	579
Generated/Extracted/Tavern/00566.png	589
Generated/Extracted/Tavern/00568.png	554
Generated/Extracted/Tavern/00570.png	351
Generated/Extracted/Tavern/00573.png	411
Generated/Extracted/Tavern/00575.png	500
Generated/Extracted/Tavern/00577.png	574
Generated/Extracted/Tavern/00579.png	509
Generated/Extracted/Tavern/00581.png	515
Generated/Extracted/Tavern/00583.png	597
Generated/Extracted/Tavern/00585.png	422
Generated/Extracted/Tavern/00587.png	564
Generated/Extracted/Tavern/00589.png	580
Generated/Extracted/Tavern/00591.png	523
Generated/Extracted/Tavern/00593.png	202
Generated/Extracted/Tavern/00596.png	331
Generated/Extracted/Tavern/00599.png	155
Generated/Extracted/Tavern/00602.png	488
Generated/Extracted/Tavern/00605.png	147
Generated/Extracted/Tavern/00608.png	265
Generated/Extracted/Tavern/00611.png	1246
Generated/Extracted/Tavern/00614.png	24456
Generated/Extracted/Tavern/00615.png	2968
Generated/Extracted/Tavern/00618.png	78357
Generated/Extracted/Tavern/00620.png	517
Generated/Extracted/Tavern/00623.png	4003
Generated/Extracted/Tavern/00624.png	3243
Generated/Extracted/Tavern/00625.png	3223
Generated/Extracted/Tavern/00626.png	4006
Generated/Extracted/Tavern/00627.png	4208
Generated/Extracted/Tavern/00628.png	3375
Generated/Extracted/Tavern/00631.png	41316
Generated/Extracted/Tavern/00633.png	293
Generated/Extracted/Tavern/00637.png	9125
Generated/Extracted/Tavern/00640.png	2816
Generated/Extracted/Tavern/00643.png	374
Generated/Extracted/Tavern/00646.png	7484
Generated/Extracted/Tavern/00648.png	8855
Generated/Extracted/Tavern/00651.png	428
Generated/Extracted/Tavern/00655.png	1394
Generated/Extracted/Tavern/00658.png	3083
Generated/Extracted/Tavern/00660.png	3079
Generated/Extracted/Tavern/00662.png	2726
Generated/Extracted/Tavern/00664.png	2545
Generated/Extracted/Tavern/00666.png	2634
Generated/Extracted/Tavern/00668.png	2558
Generated/Extracted/Tavern/00670.png	2452
Generated/Extracted/Tavern/00672.png	2574
Generated/Extracted/Tavern/00675.png	107
Generated/Extracted/Tavern/00678.png	400
Generated/Extracted/Tavern/00681.png	315
Generated/Extracted/Tavern/00685.png	380
Generated/Extracted/Tavern/00688.png	391
Generated/Extracted/Tavern/00692.png	270
Generated/Extracted/Tavern/00695.png	153
Generated/Extracted/Tavern/00699.png	782
Generated/Extracted/Tavern/00701.png	744
Generated/Extracted/Tavern/00703.png	731
Generated/Extracted/Tavern/00705.png	769
Generated/Extracted/Tavern/00707.png	720
Generated/Extracted/Tavern/00709.png	738
Generated/Extracted/Tavern/00712.png	789
Generated/Extracted/Tavern/00714.png	1003
Generated/Extracted/Tavern/00716.png	977
Generated/Extracted/Tavern/00718.png	901
Generated/Extracted/Tavern/00720.png	961
Generated/Extracted/Tavern/00722.png	1032
Generated/Extracted/Tavern/00724.png	806
Generated/Extracted/Tavern/00726.png	1048
Generated/Extracted/Tavern/00728.png	1027
Generated/Extracted/Tavern/00730.png	1006
Generated/Extracted/Tavern/00732.png	858
Generated/Extracted/Tavern/00735.png	4316
Generated/Extracted/Tavern/00737.png	4578
Generated/Extracted/Tavern/00739.png	8487
Generated/Extracted/Tavern/00741.png	1673
Generated/Extracted/Tavern/00743.png	2018
Generated/Extracted/Tavern/00746.png	676
Generated/Extracted/Tavern/00748.png	818
Generated/Extracted/Tavern/00750.png	823
Generated/Extracted/Tavern/00752.png	738
Generated/Extracted/Tavern/00754.png	816
Generated/Extracted/Tavern/00756.png	849
Generated/Extracted/Tavern/00758.png	668
Generated/Extracted/Tavern/00760.png	889
Generated/Extracted/Tavern/00762.png	835
Generated/Extracted/Tavern/00764.png	820
Generated/Extracted/Tavern/00766.png	311
Generated/Extracted/Tavern/00769.png	2636
Generated/Extracted/Tavern/00771.png	3072
Generated/Extracted/Tavern/00773.png	8301
Generated/Extracted/Tavern/00775.png	1355
Generated/Extracted/Tavern/00777.png	1639
Generated/Extracted/Tavern/00780.png	43234
Generated/Extracted/Tavern/00782.png	348
Generated/Extracted/Tavern/00785.png	621
Generated/Extracted/Tavern/00789.png	5043
Generated/Extracted/Tavern/00791.png	5723
Generated/Extracted/Tavern/00792.png	754
Generated/Extracted/Tavern/00794.png	1632
Generated/Extracted/Tavern/00797.png	2665
Generated/Extracted/Tavern/00799.png	3484
Generated/Extracted/Tavern/00805.png	173
Generated/Extracted/Tavern/00808.png	365
Generated/Extracted/Tavern/00810.png	488
Generated/Extracted/Tavern/00812.png	552
Generated/Extracted/Tavern/00814.png	272
Generated/Extracted/Tavern/00817.png	928
Generated/Extracted/Tavern/00828.png	254
Generated/Extracted/Tavern/00832.png	2816
Generated/Extracted/Tavern/00834.png	2986
Generated/Extracted/Tavern/00837.png	320
Generated/Extracted/Tavern/00839.png	1036
Generated/Extracted/Tavern/00844.png	275
Generated/Extracted/Tavern/00846.png	273
Generated/Extracted/Tavern/00848.png	278
Generated/Extracted/Tavern/00850.png	263
Generated/Extracted/Tavern/00852.png	275
Generated/Extracted/Tavern/00856.png	4311
Generated/Extracted/Tavern/00857.png	4069
Generated/Extracted/Tavern/00858.png	4402
Generated/Extracted/Tavern/00859.png	4095
Generated/Extracted/Tavern/00860.png	3790
Generated/Extracted/Tavern/00861.png	4562
Generated/Extracted/Tavern/00866.png	608
Generated/Extracted/Tavern/00869.png	1116
Generated/Extracted/Tavern/00871.png	1169
Generated/Extracted/Tavern/00873.png	1388
Generated/Extracted/Tavern/00875.png	1133
Generated/Extracted/Tavern/00878.png	867
Generated/Extracted/Tavern/00880.png	874
Generated/Extracted/Tavern/00882.png	837
Generated/Extracted/Tavern/00885.png	173
Generated/Extracted/Tavern/00887.png	143
Generated/Extracted/Tavern/00891.png	873
Generated/Extracted/Tavern/00894.png	19007
Generated/Extracted/Tavern/00897.png	345
Generated/Extracted/Tavern/00900.png	4551
Generated/Extracted/Tavern/00903.png	27071
Generated/Extracted/Tavern/00908.png	1271
Generated/Extracted/Tavern/00914.png	927
Generated/Extracted/Tavern/00916.png	552
Generated/Extracted/Tavern/00919.png	464
Generated/Extracted/Tavern/00922.png	499
Generated/Extracted/Tavern/00926.png	19379
Generated/Extracted/Tavern/00934.png	3665
Generated/Extracted/Tavern/00936.png	3816
Generated/Extracted/Tavern/00938.png	3918
Generated/Extracted/Tavern/00940.png	4198
Generated/Extracted/Tavern/00942.png	4070
Generated/Extracted/Tavern/00945.png	20107
Generated/Extracted/Tavern/00949.png	5766
Generated/Extracted/Tavern/00951.png	2642
Generated/Extracted/Tavern/00958.png	388
Generated/Extracted/Tavern/00960.png	242
Generated/Extracted/Tavern/00962.png	947
Generated/Extracted/Tavern/00964.png	802
Generated/Extracted/Tavern/01068.png	26355
Generated/Extracted/Tavern/01071.png	9868
Generated/Extracted/Tavern/01075.png	13428
Generated/Extracted/Tavern/01076.png	120812
Generated/Extracted/Tavern/01077.png	72311
Generated/Extracted/Tavern/01079.png	3150
Generated/Extracted/Tavern/01084.png	105590
Generated/Extracted/Tavern/01085.png	61696
Generated/Extracted/Tavern/01088.png	19673
Generated/Extracted/Tavern/01090.png	20269
Generated/Extracted/Tavern/01094.png	12107
Generated/Extracted/Tavern/01097.png	12883
Generated/Extracted/Tavern/01100.png	4090
Generated/Extracted/Tavern/01102.png	4275
Generated/Extracted/Tavern/01104.png	4275
Generated/Extracted/Tavern/01106.png	4625
Generated/Extracted/Tavern/01108.png	4481
Generated/Extracted/Tavern/01111.png	400
Generated/Extracted/Tavern/01114.png	923
Generated/Extracted/Tavern/01116.png	1015
Generated/Extracted/Tavern/01118.png	914
Generated/Extracted/Tavern/01121.png	315
Generated/Extracted/Tavern/01125.png	593
Generated/Extracted/Tavern/01127.png	611
Generated/Extracted/Tavern/01130.png	18947
Generated/Extracted/Tavern/01132.png	24061
Generated/Extracted/Tavern/01134.png	18538
Generated/Extracted/Tavern/01137.png	474
Generated/Extracted/Tavern/01139.png	477
Generated/Extracted/Tavern/01141.png	498
Generated/Extracted/Tavern/01144.png	345
Generated/Extracted/Tavern/01152.png	793
Generated/Extracted/Tavern/01155.png	4869
Generated/Extracted/Tavern/01158.png	30527
Generated/Extracted/Tavern/01161.png	175
Generated/Extracted/Tavern/01164.png	332
Generated/Extracted/Tavern/01168.png	1412
Generated/Extracted/Tavern/01171.png	593
Generated/Extracted/Tavern/01172.png	708
Generated/Extracted/Tavern/01177.png	1824
Generated/Extracted/Tavern/01180.png	1097
Generated/Extracted/Tavern/01182.png	1087
Generated/Extracted/Tavern/01184.png	1040
Generated/Extracted/Tavern/01187.png	529
Generated/Extracted/Tavern/01189.png	447
Generated/Extracted/Tavern/01191.png	451
Generated/Extracted/Tavern/01193.png	467
Generated/Extracted/Tavern/01195.png	441
Generated/Extracted/Tavern/01197.png	447
Generated/Extracted/Tavern/01202.png	923
Generated/Extracted/Tavern/01204.png	1015
Generated/Extracted/Tavern/01206.png	914
Generated/Extracted/Tavern/01209.png	36287
Generated/Extracted/Tavern/01210.png	2722
Generated/Extracted/Tavern/01213.png	25481
Generated/Extracted/Tavern/01216.png	19353
Generated/Extracted/Tavern/01219.png	418
Generated/Extracted/Tavern/01222.png	405
Generated/Extracted/Tavern/01225.png	874
Generated/Extracted/Tavern/01229.png	1766
Generated/Extracted/Tavern/01232.png	1832
Generated/Extracted/Tavern/01235.png	10914
Generated/Extracted/Tavern/01240.png	107
Generated/Extracted/Tavern/01244.png	5230
Generated/Extracted/Tavern/01246.png	5040
Generated/Extracted/Tavern/01249.png	350
Generated/Extracted/Tavern/01253.png	926
Generated/Extracted/Tavern/01256.png	388
Generated/Extracted/Tavern/01259.png	82
Generated/Extracted/Tavern/01260.png	1989
Generated/Extracted/Tavern/01261.png	345
Generated/Extracted/Tavern/01263.png	247
Generated/Extracted/Tavern/01268.png	874
Generated/Extracted/Tavern/01271.png	692
Generated/Extracted/Tavern/01273.png	475
Generated/Extracted/Tavern/01275.png	726
Generated/Extracted/Tavern/01277.png	693
Generated/Extracted/Tavern/01279.png	609
Generated/Extracted/Tavern/01281.png	647
Generated/Extracted/Tavern/01283.png	696
Generated/Extracted/Tavern/01285.png	609
Generated/Extracted/Tavern/01287.png	710
Generated/Extracted/Tavern/01289.png	701
Generated/Extracted/Tavern/01292.png	523
Generated/Extracted/Tavern/01293.png	4476
Generated/Extracted/Tavern/01294.png	514
Generated/Extracted/Tavern/01297.png	514
Generated/Extracted/Tavern/01300.png	18687
Generated/Extracted/Tavern/01303.png	968
Generated/Extracted/Tavern/01306.png	3415
Generated/Extracted/Tavern/01308.png	782
Generated/Extracted/Tavern/01310.png	2627
Generated/Extracted/Tavern/01315.png	554
Generated/Extracted/Tavern/01319.png	23391
Generated/Extracted/Tavern/01322.png	4990
Generated/Extracted/Tavern/01325.png	616
Generated/Extracted/Tavern/manifest.json	26640
Generated/Extracted/Tavern/symbol_map.json	57380
Generated/Extracted/TavernLogic/manifest.json	2
Generated/Extracted/Tech/00001.png	593
Generated/Extracted/Tech/00003.png	611
Generated/Extracted/Tech/00006.png	18947
Generated/Extracted/Tech/00008.png	24061
Generated/Extracted/Tech/00010.png	18538
Generated/Extracted/Tech/00013.png	474
Generated/Extracted/Tech/00015.png	477
Generated/Extracted/Tech/00017.png	498
Generated/Extracted/Tech/00020.png	345
Generated/Extracted/Tech/00022.png	1347
Generated/Extracted/Tech/00031.png	793
Generated/Extracted/Tech/00034.png	4869
Generated/Extracted/Tech/00037.png	30527
Generated/Extracted/Tech/00040.png	175
Generated/Extracted/Tech/00044.png	332
Generated/Extracted/Tech/00048.png	1412
Generated/Extracted/Tech/00053.png	1824
Generated/Extracted/Tech/_contact_Tech.jpg	63269
Generated/Extracted/Tech/manifest.json	1048
Generated/Extracted/Tech/symbol_map.json	3531
Generated/Extracted/TechLogic/manifest.json	2
Generated/Extracted/TechLogic/symbol_map.json	291
Generated/Javap/BuildingAction.txt	32885
Generated/Javap/BuildingOutputCache.txt	67461
Generated/Javap/BuildingService.txt	397594
Generated/Javap/EquipAction.txt	32848
Generated/Javap/EquipService.txt	669438
Generated/Javap/GeneralCache.txt	39203
Generated/Javap/PlayerAction.txt	93124
Generated/Javap/PlayerService.txt	550313
Generated/Javap/PlayerTech.xml	7185
Generated/Javap/RandomNamer.txt	30277
Generated/Javap/ResourceService.txt	55139
Generated/Javap/StoreAction.txt	9807
Generated/Javap/StoreHouseService.txt	69698
Generated/Javap/StoreService.txt	249504
Generated/Javap/TaskMessageHelper.txt	65063
Generated/Javap/TaskRequestTechResearchBegin.txt	7608
Generated/Javap/TaskRequestTechResearchDone.txt	7581
Generated/Javap/TavernService.txt	204239
Generated/Javap/TechService.txt	116405
Generated/Javap/WorldCityCommon.txt	42490
Generated/LegacySWF/Equip/EquipAssets.swf	963287
Generated/LegacySWF/Equip/EquipLogic.swf	56454
Generated/LegacySWF/Tavern/TavernAssets.swf	1150128
Generated/LegacySWF/Tavern/TavernLogic.swf	71399
Generated/SwfBitmaps/RoleScene/00079.png	9520
Generated/SwfBitmaps/RoleScene/00082.png	15879
Generated/SwfBitmaps/RoleScene/00089.jpg	285089
HANDOFF_NEXT_SESSION.md	6621
LegacyReference/GCLDServer/server/apps/NameData.xml	6572
LegacyReference/GCLDServer/server/apps/server.properties	3626
LegacyReference/GCLDServer/wwwroot/assets/zh_CN/swf/lazy/CreateRole.swf	27395
LegacyReference/GCLDServer/wwwroot/assets/zh_CN/swf/module/MainCity.swf	339623
LegacyReference/GCLDServer/wwwroot/assets/zh_CN/swf/module/RoleScene.swf	161892
LegacyReference/GCLDServer/wwwroot/assets/zh_CN/swf/module/Tech.swf	34768
LegacyReference/GCLDServer/wwwroot/assets/zh_CN/xml/core/MainUI.xml	1046
LegacyReference/GCLDServer/wwwroot/assets/zh_CN/xml/core/Preload.xml	7939
LegacyReference/GCLDServer/wwwroot/assets/zh_CN/xml/core/ResConfig.xml	28866
LegacyReference/GCLDServer/wwwroot/assets/zh_CN/xml/core/UIConfig.xml	7540
LegacyReference/GCLDServer/wwwroot/assets/zh_CN/xml/module/MainCity.xml	18754
LegacyReference/GCLDServer/wwwroot/assets/zh_CN/xml/module/NameData.xml	3918
LegacyReference/GCLDServer/wwwroot/assets/zh_CN/xml/module/RoleScene.xml	3667
LegacyReference/GCLDServer/wwwroot/game/module/mainCity/view/MainCity.swf	60817
LegacyReference/GCLDServer/wwwroot/game/module/roleScene/view/RoleScene.swf	5458
LegacyReference/GCLDServer/wwwroot/game/module/tech/view/tech/Tech.swf	9538
LegacyReference/GCLDServer/wwwroot/gcld.3.1/gcld.jar	4778026
LegacyReference/GCLDServer/wwwroot/gcld.3.1/gcldcore.jar	14056
LegacyReference/GCLDServer/wwwroot/gcld.3.1/reign-tcp-framework.jar	881817
LegacyReference/GCLDServer/wwwroot/gcld.3.1/sdata/gcld_xs_sdata.xml	7184041
PACKAGE_README.md	1143
SESSION_REPORT_20260824.md	1405
Scripts/BUILD_ANDROID.bat	734
Scripts/BUILD_SERVER.bat	298
Scripts/BUILD_WINDOWS.bat	734
Scripts/START_SERVER_DEV.bat	175
Server/CTXD.Admin/CTXD.Admin.csproj	350
Server/CTXD.Admin/MainForm.cs	5523
Server/CTXD.Admin/Program.cs	196
Server/CTXD.Server/CTXD.Server.csproj	843
Server/CTXD.Server/Data/CanonicalContent.cs	7797
Server/CTXD.Server/Data/GameDb.cs	427
Server/CTXD.Server/Domain/CanonicalModels.cs	9061
Server/CTXD.Server/Models/Contracts.cs	4379
Server/CTXD.Server/Program.cs	13297
Server/CTXD.Server/Services/AuthService.cs	4813
Server/CTXD.Server/Services/BuildingCompletionWorker.cs	2174
Server/CTXD.Server/Services/BuildingService.cs	8599
Server/CTXD.Server/Services/DatabaseInitializer.cs	1464
Server/CTXD.Server/Services/EquipmentInventoryService.cs	12275
Server/CTXD.Server/Services/EquipmentStoreService.cs	28575
Server/CTXD.Server/Services/ExperienceService.cs	1159
Server/CTXD.Server/Services/GamePushHub.cs	2690
Server/CTXD.Server/Services/GeneralService.cs	3498
Server/CTXD.Server/Services/LegacyFormulaService.cs	969
Server/CTXD.Server/Services/LegacyNameService.cs	2473
Server/CTXD.Server/Services/MainCityService.cs	1371
Server/CTXD.Server/Services/PasswordService.cs	987
Server/CTXD.Server/Services/PlayerFlowService.cs	2802
Server/CTXD.Server/Services/PlayerQueryService.cs	2084
Server/CTXD.Server/Services/ResourceProductionService.cs	8234
Server/CTXD.Server/Services/TavernService.cs	23281
Server/CTXD.Server/Services/TechnologyCompletionWorker.cs	1693
Server/CTXD.Server/Services/TechnologyEffectService.cs	2406
Server/CTXD.Server/Services/TechnologyService.cs	18836
Server/CTXD.Server/Services/TutorialService.cs	13230
Server/CTXD.Server/appsettings.json	321
Tools/legacy_static_import.py	15147
Tools/swf_extract_bitmaps.py	5740
Tools/swf_symbol_map.py	7960
